train_loss,test_loss
0.586667795,0.4961
0.385999473,0.3964
0.262511719,0.4184
0.17663871,0.3869
0.141506482,0.4856
0.10950452,0.4221
0.080681008,0.4418
0.066955431,0.4726
0.057869488,0.4703
0.057880526,0.4651
