train_loss,test_loss
0.585069423,0.466976628
0.370536819,0.271889836
0.222785078,0.214492455
0.197531757,0.218795091
0.188425752,0.20740401
0.182525198,0.196475938
0.177795356,0.188906483
0.184550566,0.183100402
0.176217474,0.178027749
0.164663665,0.173620135
